index,Feature,Coefficient
5,CGPA,0.07600537
1,TOEFL,0.017959475
0,GRE,0.015918549
4,LOR,0.015128776
6,Research,0.011955549
2,University Rating,0.005768748
3,SOP,0.000164969
,,
